{"asia":{"explained":{"PC1":0.229282801881736,"PC2":0.0937348336140719,"PC3":0.0490474042518488,"PC4":0.0395561041788463,"PC5":0.0307623047806871,"PC6":0.0247359326044652,"PC7":0.0228632543124385,"PC8":0.0193539965326062,"PC9":0.0183866660217336,"PC10":0.015331624796488,"PC11":0.0137974098902788,"PC12":0.0134461494536986,"PC13":0.0123669549297616,"PC14":0.011372647033355,"PC15":0.0105407027225083,"PC16":0.00989063441542355,"PC17":0.00930768509491743,"PC18":0.00884267694925933,"PC19":0.00879763407111667,"PC20":0.00854606544813589,"PC21":0.00802583045103217,"PC22":0.00779868408945655,"PC23":0.00773883735228018,"PC24":0.00728983313225694,"PC25":0.00705467437739806},"cumulative":{"PC1":0.229282801881736,"PC2":0.323017635495808,"PC3":0.372065039747657,"PC4":0.411621143926503,"PC5":0.44238344870719,"PC6":0.467119381311655,"PC7":0.489982635624094,"PC8":0.5093366321567,"PC9":0.527723298178434,"PC10":0.543054922974922,"PC11":0.5568523328652,"PC12":0.570298482318899,"PC13":0.582665437248661,"PC14":0.594038084282016,"PC15":0.604578787004524,"PC16":0.614469421419947,"PC17":0.623777106514865,"PC18":0.632619783464124,"PC19":0.641417417535241,"PC20":0.649963482983377,"PC21":0.657989313434409,"PC22":0.665787997523865,"PC23":0.673526834876146,"PC24":0.680816668008403,"PC25":0.687871342385801}},"full":{"explained":{"PC1":0.252882680454912,"PC2":0.0630179111922631,"PC3":0.0454014048360691,"PC4":0.0368363057236381,"PC5":0.0286275949390712,"PC6":0.0254111743878085,"PC7":0.0230552884104494,"PC8":0.0225607864931212,"PC9":0.0195571514766582,"PC10":0.0158728257850684,"PC11":0.0148477677938064,"PC12":0.0139238450873207,"PC13":0.0136400168445362,"PC14":0.0128253930313207,"PC15":0.0122183152379991,"PC16":0.011621717543932,"PC17":0.0111423935475364,"PC18":0.0108661138651891,"PC19":0.0107239638608577,"PC20":0.0103385595600652,"PC21":0.0097107463060752,"PC22":0.00942795009481502,"PC23":0.00900241004412797,"PC24":0.00862567044416274,"PC25":0.00852356190790602},"cumulative":{"PC1":0.252882680454912,"PC2":0.315900591647175,"PC3":0.361301996483244,"PC4":0.398138302206883,"PC5":0.426765897145954,"PC6":0.452177071533762,"PC7":0.475232359944212,"PC8":0.497793146437333,"PC9":0.517350297913991,"PC10":0.533223123699059,"PC11":0.548070891492866,"PC12":0.561994736580187,"PC13":0.575634753424723,"PC14":0.588460146456043,"PC15":0.600678461694042,"PC16":0.612300179237975,"PC17":0.623442572785511,"PC18":0.6343086866507,"PC19":0.645032650511558,"PC20":0.655371210071623,"PC21":0.665081956377698,"PC22":0.674509906472513,"PC23":0.683512316516641,"PC24":0.692137986960804,"PC25":0.70066154886871}},"europe":{"explained":{"PC1":0.253229156989286,"PC2":0.0588760337095219,"PC3":0.048601385033185,"PC4":0.0338636367377354,"PC5":0.0301741416178014,"PC6":0.026276770866604,"PC7":0.0238851138340934,"PC8":0.0219876223510202,"PC9":0.020184393038701,"PC10":0.0165724510804016,"PC11":0.01624768953974,"PC12":0.0157267294685593,"PC13":0.0144120589036428,"PC14":0.0142195250591737,"PC15":0.0126566332187966,"PC16":0.0122478487222449,"PC17":0.0118126489841083,"PC18":0.0114819100849644,"PC19":0.0113420058825815,"PC20":0.0109587787024264,"PC21":0.010501104383617,"PC22":0.010329355436099,"PC23":0.00993998515396007,"PC24":0.0096059190774395,"PC25":0.00937269064238129},"cumulative":{"PC1":0.253229156989286,"PC2":0.312105190698808,"PC3":0.360706575731993,"PC4":0.394570212469728,"PC5":0.42474435408753,"PC6":0.451021124954134,"PC7":0.474906238788227,"PC8":0.496893861139247,"PC9":0.517078254177948,"PC10":0.53365070525835,"PC11":0.54989839479809,"PC12":0.565625124266649,"PC13":0.580037183170292,"PC14":0.594256708229466,"PC15":0.606913341448262,"PC16":0.619161190170507,"PC17":0.630973839154615,"PC18":0.64245574923958,"PC19":0.653797755122161,"PC20":0.664756533824588,"PC21":0.675257638208205,"PC22":0.685586993644304,"PC23":0.695526978798264,"PC24":0.705132897875703,"PC25":0.714505588518084}},"noneurope":{"explained":{"PC1":0.257604471488544,"PC2":0.0730994638545547,"PC3":0.0431815138827872,"PC4":0.0382969494106579,"PC5":0.0277101077706418,"PC6":0.0257371407398898,"PC7":0.0242968458605248,"PC8":0.0203094932190282,"PC9":0.0191270690635196,"PC10":0.0164877158897939,"PC11":0.0135850229460459,"PC12":0.0130861152995984,"PC13":0.0118357959402923,"PC14":0.0107370072568702,"PC15":0.0105101355680548,"PC16":0.0102179270204027,"PC17":0.0100328747742683,"PC18":0.00973573549462964,"PC19":0.0093842755948136,"PC20":0.00928315504916462,"PC21":0.00889472060005337,"PC22":0.00837251807570968,"PC23":0.00823398023614601,"PC24":0.00771929772881387,"PC25":0.00741225218572951},"cumulative":{"PC1":0.257604471488544,"PC2":0.330703935343098,"PC3":0.373885449225886,"PC4":0.412182398636543,"PC5":0.439892506407185,"PC6":0.465629647147075,"PC7":0.4899264930076,"PC8":0.510235986226628,"PC9":0.529363055290148,"PC10":0.545850771179942,"PC11":0.559435794125987,"PC12":0.572521909425586,"PC13":0.584357705365878,"PC14":0.595094712622748,"PC15":0.605604848190803,"PC16":0.615822775211206,"PC17":0.625855649985474,"PC18":0.635591385480104,"PC19":0.644975661074917,"PC20":0.654258816124082,"PC21":0.663153536724135,"PC22":0.671526054799845,"PC23":0.679760035035991,"PC24":0.687479332764805,"PC25":0.694891584950534}}}